year,month,region,sector,usage_percent
2020,Jan,North,Residential,7.73
2020,Jan,North,Industrial,6.9
2020,Jan,North,Commercial,37.25
2020,Jan,North,Agriculture,5.91
2020,Jan,North,Government,42.21
2020,Jan,South,Residential,48.76
2020,Jan,South,Industrial,1.26
2020,Jan,South,Commercial,7.14
2020,Jan,South,Agriculture,16.54
2020,Jan,South,Government,26.3
2020,Jan,East,Residential,26.57
2020,Jan,East,Industrial,11.64
2020,Jan,East,Commercial,20.68
2020,Jan,East,Agriculture,35.43
2020,Jan,East,Government,5.67
2020,Jan,West,Residential,39.62
2020,Jan,West,Industrial,5.11
2020,Jan,West,Commercial,9.4
2020,Jan,West,Agriculture,28.88
2020,Jan,West,Government,16.99
2020,Feb,North,Residential,12.99
2020,Feb,North,Industrial,13.32
2020,Feb,North,Commercial,3.3
2020,Feb,North,Agriculture,40.59
2020,Feb,North,Government,29.8
2020,Feb,South,Residential,4.5
2020,Feb,South,Industrial,0.8
2020,Feb,South,Commercial,3.62
2020,Feb,South,Agriculture,42.82
2020,Feb,South,Government,48.26
2020,Feb,East,Residential,6.21
2020,Feb,East,Industrial,7.51
2020,Feb,East,Commercial,23.04
2020,Feb,East,Agriculture,40.09
2020,Feb,East,Government,23.15
2020,Feb,West,Residential,5.93
2020,Feb,West,Industrial,33.86
2020,Feb,West,Commercial,8.95
2020,Feb,West,Agriculture,24.09
2020,Feb,West,Government,27.17
2020,Mar,North,Residential,21.6
2020,Mar,North,Industrial,17.85
2020,Mar,North,Commercial,40.19
2020,Mar,North,Agriculture,1.98
2020,Mar,North,Government,18.39
2020,Mar,South,Residential,15.56
2020,Mar,South,Industrial,26.4
2020,Mar,South,Commercial,48.02
2020,Mar,South,Agriculture,8.97
2020,Mar,South,Government,1.05
2020,Mar,East,Residential,74.8
2020,Mar,East,Industrial,70.9
2020,Mar,East,Commercial,7.33
2020,Mar,East,Agriculture,4.63
2020,Mar,East,Government,5.34
2020,Mar,West,Residential,0.25
2020,Mar,West,Industrial,70.8
2020,Mar,West,Commercial,13.39
2020,Mar,West,Agriculture,27.72
2020,Mar,West,Government,13.01
2020,Apr,North,Residential,37.53
2020,Apr,North,Industrial,60.5
2020,Apr,North,Commercial,6.52
2020,Apr,North,Agriculture,35.51
2020,Apr,North,Government,20.22
2020,Apr,South,Residential,29.49
2020,Apr,South,Industrial,60.8
2020,Apr,South,Commercial,4.59
2020,Apr,South,Agriculture,47.07
2020,Apr,South,Government,8.63
2020,Apr,East,Residential,37.26
2020,Apr,East,Industrial,60.7
2020,Apr,East,Commercial,4.91
2020,Apr,East,Agriculture,26.1
2020,Apr,East,Government,1.15
2020,Apr,West,Residential,0.89
2020,Apr,West,Industrial,82.18
2020,Apr,West,Commercial,33.42
2020,Apr,West,Agriculture,35.7
2020,Apr,West,Government,27.81
2020,May,North,Residential,47.23
2020,May,North,Industrial,92.6
2020,May,North,Commercial,14.78
2020,May,North,Agriculture,5.0
2020,May,North,Government,0.4
2020,May,South,Residential,1.92
2020,May,South,Industrial,10.34
2020,May,South,Commercial,5.12
2020,May,South,Agriculture,77.95
2020,May,South,Government,4.67
2020,May,East,Residential,10.64
2020,May,East,Industrial,60.42
2020,May,East,Commercial,20.47
2020,May,East,Agriculture,3.77
2020,May,East,Government,4.7
2020,May,West,Residential,2.29
2020,May,West,Industrial,30.72
2020,May,West,Commercial,45.53
2020,May,West,Agriculture,20.35
2020,May,West,Government,1.11
2020,Jun,North,Residential,17.91
2020,Jun,North,Industrial,95.11
2020,Jun,North,Commercial,18.81
2020,Jun,North,Agriculture,18.16
2020,Jun,North,Government,0.0
2020,Jun,South,Residential,32.79
2020,Jun,South,Industrial,2.15
2020,Jun,South,Commercial,60.73
2020,Jun,South,Agriculture,0.5
2020,Jun,South,Government,3.84
2020,Jun,East,Residential,74.31
2020,Jun,East,Industrial,88.91
2020,Jun,East,Commercial,6.74
2020,Jun,East,Agriculture,0.82
2020,Jun,East,Government,9.22
2020,Jun,West,Residential,5.76
2020,Jun,West,Industrial,74.04
2020,Jun,West,Commercial,16.26
2020,Jun,West,Agriculture,35.57
2020,Jun,West,Government,38.37
2020,Jul,North,Residential,25.84
2020,Jul,North,Industrial,82.32
2020,Jul,North,Commercial,7.56
2020,Jul,North,Agriculture,63.75
2020,Jul,North,Government,0.53
2020,Jul,South,Residential,25.48
2020,Jul,South,Industrial,79.78
2020,Jul,South,Commercial,33.14
2020,Jul,South,Agriculture,29.4
2020,Jul,South,Government,4.2
2020,Jul,East,Residential,38.23
2020,Jul,East,Industrial,0.97
2020,Jul,East,Commercial,35.2
2020,Jul,East,Agriculture,4.78
2020,Jul,East,Government,20.82
2020,Jul,West,Residential,4.27
2020,Jul,West,Industrial,69.25
2020,Jul,West,Commercial,64.57
2020,Jul,West,Agriculture,20.79
2020,Jul,West,Government,0.13
2020,Aug,North,Residential,1.28
2020,Aug,North,Industrial,32.08
2020,Aug,North,Commercial,55.83
2020,Aug,North,Agriculture,0.92
2020,Aug,North,Government,9.89
2020,Aug,South,Residential,1.51
2020,Aug,South,Industrial,71.0
2020,Aug,South,Commercial,65.33
2020,Aug,South,Agriculture,6.07
2020,Aug,South,Government,16.1
2020,Aug,East,Residential,15.82
2020,Aug,East,Industrial,94.94
2020,Aug,East,Commercial,9.61
2020,Aug,East,Agriculture,37.13
2020,Aug,East,Government,32.5
2020,Aug,West,Residential,21.15
2020,Aug,West,Industrial,39.57
2020,Aug,West,Commercial,24.98
2020,Aug,West,Agriculture,6.79
2020,Aug,West,Government,7.52
2020,Sep,North,Residential,8.3
2020,Sep,North,Industrial,71.99
2020,Sep,North,Commercial,30.65
2020,Sep,North,Agriculture,14.9
2020,Sep,North,Government,44.17
2020,Sep,South,Residential,8.46
2020,Sep,South,Industrial,11.64
2020,Sep,South,Commercial,45.31
2020,Sep,South,Agriculture,10.5
2020,Sep,South,Government,24.08
2020,Sep,East,Residential,15.99
2020,Sep,East,Industrial,7.89
2020,Sep,East,Commercial,25.68
2020,Sep,East,Agriculture,31.04
2020,Sep,East,Government,19.4
2020,Sep,West,Residential,35.75
2020,Sep,West,Industrial,18.22
2020,Sep,West,Commercial,13.38
2020,Sep,West,Agriculture,4.84
2020,Sep,West,Government,27.81
2020,Oct,North,Residential,3.34
2020,Oct,North,Industrial,26.7
2020,Oct,North,Commercial,4.51
2020,Oct,North,Agriculture,51.83
2020,Oct,North,Government,13.62
2020,Oct,South,Residential,6.64
2020,Oct,South,Industrial,13.29
2020,Oct,South,Commercial,1.8
2020,Oct,South,Agriculture,1.34
2020,Oct,South,Government,76.93
2020,Oct,East,Residential,23.79
2020,Oct,East,Industrial,16.04
2020,Oct,East,Commercial,43.44
2020,Oct,East,Agriculture,7.89
2020,Oct,East,Government,8.84
2020,Oct,West,Residential,42.12
2020,Oct,West,Industrial,14.61
2020,Oct,West,Commercial,2.82
2020,Oct,West,Agriculture,33.76
2020,Oct,West,Government,6.69
2020,Nov,North,Residential,2.72
2020,Nov,North,Industrial,25.44
2020,Nov,North,Commercial,11.89
2020,Nov,North,Agriculture,46.92
2020,Nov,North,Government,13.04
2020,Nov,South,Residential,7.53
2020,Nov,South,Industrial,3.4
2020,Nov,South,Commercial,15.49
2020,Nov,South,Agriculture,49.12
2020,Nov,South,Government,24.46
2020,Nov,East,Residential,16.09
2020,Nov,East,Industrial,9.12
2020,Nov,East,Commercial,24.16
2020,Nov,East,Agriculture,22.75
2020,Nov,East,Government,27.88
2020,Nov,West,Residential,65.75
2020,Nov,West,Industrial,6.66
2020,Nov,West,Commercial,3.28
2020,Nov,West,Agriculture,6.28
2020,Nov,West,Government,18.03
2020,Dec,North,Residential,6.63
2020,Dec,North,Industrial,32.8
2020,Dec,North,Commercial,9.48
2020,Dec,North,Agriculture,33.74
2020,Dec,North,Government,17.35
2020,Dec,South,Residential,17.18
2020,Dec,South,Industrial,35.04
2020,Dec,South,Commercial,26.58
2020,Dec,South,Agriculture,5.3
2020,Dec,South,Government,15.89
2020,Dec,East,Residential,30.07
2020,Dec,East,Industrial,34.67
2020,Dec,East,Commercial,6.79
2020,Dec,East,Agriculture,18.47
2020,Dec,East,Government,10.01
2020,Dec,West,Residential,8.53
2020,Dec,West,Industrial,25.46
2020,Dec,West,Commercial,1.61
2020,Dec,West,Agriculture,16.69
2020,Dec,West,Government,47.71
2021,Jan,North,Residential,2.61
2021,Jan,North,Industrial,12.14
2021,Jan,North,Commercial,44.94
2021,Jan,North,Agriculture,27.13
2021,Jan,North,Government,13.18
2021,Jan,South,Residential,59.21
2021,Jan,South,Industrial,21.74
2021,Jan,South,Commercial,10.21
2021,Jan,South,Agriculture,5.29
2021,Jan,South,Government,3.55
2021,Jan,East,Residential,6.98
2021,Jan,East,Industrial,13.57
2021,Jan,East,Commercial,27.54
2021,Jan,East,Agriculture,30.46
2021,Jan,East,Government,21.45
2021,Jan,West,Residential,5.0
2021,Jan,West,Industrial,6.68
2021,Jan,West,Commercial,24.49
2021,Jan,West,Agriculture,61.06
2021,Jan,West,Government,2.77
2021,Feb,North,Residential,40.29
2021,Feb,North,Industrial,27.48
2021,Feb,North,Commercial,15.56
2021,Feb,North,Agriculture,14.59
2021,Feb,North,Government,2.09
2021,Feb,South,Residential,23.15
2021,Feb,South,Industrial,21.99
2021,Feb,South,Commercial,17.63
2021,Feb,South,Agriculture,3.21
2021,Feb,South,Government,34.02
2021,Feb,East,Residential,24.29
2021,Feb,East,Industrial,15.42
2021,Feb,East,Commercial,5.28
2021,Feb,East,Agriculture,54.97
2021,Feb,East,Government,0.05
2021,Feb,West,Residential,23.76
2021,Feb,West,Industrial,9.12
2021,Feb,West,Commercial,9.31
2021,Feb,West,Agriculture,12.83
2021,Feb,West,Government,44.99
2021,Mar,North,Residential,54.35
2021,Mar,North,Industrial,7.36
2021,Mar,North,Commercial,9.92
2021,Mar,North,Agriculture,27.68
2021,Mar,North,Government,0.69
2021,Mar,South,Residential,9.83
2021,Mar,South,Industrial,31.73
2021,Mar,South,Commercial,45.89
2021,Mar,South,Agriculture,0.47
2021,Mar,South,Government,12.08
2021,Mar,East,Residential,9.48
2021,Mar,East,Industrial,1.76
2021,Mar,East,Commercial,13.23
2021,Mar,East,Agriculture,42.14
2021,Mar,East,Government,33.39
2021,Mar,West,Residential,15.47
2021,Mar,West,Industrial,15.72
2021,Mar,West,Commercial,25.72
2021,Mar,West,Agriculture,27.1
2021,Mar,West,Government,15.98
2021,Apr,North,Residential,57.69
2021,Apr,North,Industrial,20.07
2021,Apr,North,Commercial,3.3
2021,Apr,North,Agriculture,11.09
2021,Apr,North,Government,7.85
2021,Apr,South,Residential,11.51
2021,Apr,South,Industrial,37.14
2021,Apr,South,Commercial,22.07
2021,Apr,South,Agriculture,19.83
2021,Apr,South,Government,9.46
2021,Apr,East,Residential,32.26
2021,Apr,East,Industrial,0.82
2021,Apr,East,Commercial,22.77
2021,Apr,East,Agriculture,30.95
2021,Apr,East,Government,13.2
2021,Apr,West,Residential,0.48
2021,Apr,West,Industrial,17.39
2021,Apr,West,Commercial,14.38
2021,Apr,West,Agriculture,45.01
2021,Apr,West,Government,22.74
2021,May,North,Residential,15.24
2021,May,North,Industrial,22.89
2021,May,North,Commercial,3.08
2021,May,North,Agriculture,52.52
2021,May,North,Government,6.28
2021,May,South,Residential,15.78
2021,May,South,Industrial,17.6
2021,May,South,Commercial,30.18
2021,May,South,Agriculture,8.83
2021,May,South,Government,27.62
2021,May,East,Residential,8.45
2021,May,East,Industrial,64.17
2021,May,East,Commercial,19.78
2021,May,East,Agriculture,4.2
2021,May,East,Government,3.4
2021,May,West,Residential,0.71
2021,May,West,Industrial,65.78
2021,May,West,Commercial,14.7
2021,May,West,Agriculture,9.33
2021,May,West,Government,9.48
2021,Jun,North,Residential,9.42
2021,Jun,North,Industrial,52.35
2021,Jun,North,Commercial,15.63
2021,Jun,North,Agriculture,14.88
2021,Jun,North,Government,7.71
2021,Jun,South,Residential,13.0
2021,Jun,South,Industrial,71.16
2021,Jun,South,Commercial,0.33
2021,Jun,South,Agriculture,1.97
2021,Jun,South,Government,13.54
2021,Jun,East,Residential,38.55
2021,Jun,East,Industrial,30.6
2021,Jun,East,Commercial,11.05
2021,Jun,East,Agriculture,12.58
2021,Jun,East,Government,7.22
2021,Jun,West,Residential,18.95
2021,Jun,West,Industrial,18.62
2021,Jun,West,Commercial,12.37
2021,Jun,West,Agriculture,49.66
2021,Jun,West,Government,0.4
2021,Jul,North,Residential,2.33
2021,Jul,North,Industrial,2.19
2021,Jul,North,Commercial,9.15
2021,Jul,North,Agriculture,82.46
2021,Jul,North,Government,3.87
2021,Jul,South,Residential,7.87
2021,Jul,South,Industrial,27.88
2021,Jul,South,Commercial,33.34
2021,Jul,South,Agriculture,14.8
2021,Jul,South,Government,16.1
2021,Jul,East,Residential,28.27
2021,Jul,East,Industrial,2.14
2021,Jul,East,Commercial,5.88
2021,Jul,East,Agriculture,56.87
2021,Jul,East,Government,6.84
2021,Jul,West,Residential,7.79
2021,Jul,West,Industrial,4.62
2021,Jul,West,Commercial,26.16
2021,Jul,West,Agriculture,35.08
2021,Jul,West,Government,26.35
2021,Aug,North,Residential,1.78
2021,Aug,North,Industrial,2.61
2021,Aug,North,Commercial,27.55
2021,Aug,North,Agriculture,16.12
2021,Aug,North,Government,51.94
2021,Aug,South,Residential,15.79
2021,Aug,South,Industrial,36.83
2021,Aug,South,Commercial,3.77
2021,Aug,South,Agriculture,4.28
2021,Aug,South,Government,39.33
2021,Aug,East,Residential,22.26
2021,Aug,East,Industrial,14.37
2021,Aug,East,Commercial,9.28
2021,Aug,East,Agriculture,44.25
2021,Aug,East,Government,9.84
2021,Aug,West,Residential,24.41
2021,Aug,West,Industrial,20.3
2021,Aug,West,Commercial,27.88
2021,Aug,West,Agriculture,24.4
2021,Aug,West,Government,3.02
2021,Sep,North,Residential,25.25
2021,Sep,North,Industrial,24.44
2021,Sep,North,Commercial,29.46
2021,Sep,North,Agriculture,5.11
2021,Sep,North,Government,15.74
2021,Sep,South,Residential,45.64
2021,Sep,South,Industrial,4.57
2021,Sep,South,Commercial,0.75
2021,Sep,South,Agriculture,41.86
2021,Sep,South,Government,7.18
2021,Sep,East,Residential,53.65
2021,Sep,East,Industrial,18.27
2021,Sep,East,Commercial,10.66
2021,Sep,East,Agriculture,4.74
2021,Sep,East,Government,12.68
2021,Sep,West,Residential,8.86
2021,Sep,West,Industrial,13.25
2021,Sep,West,Commercial,65.1
2021,Sep,West,Agriculture,3.66
2021,Sep,West,Government,9.12
2021,Oct,North,Residential,22.34
2021,Oct,North,Industrial,8.26
2021,Oct,North,Commercial,35.42
2021,Oct,North,Agriculture,11.16
2021,Oct,North,Government,22.82
2021,Oct,South,Residential,7.93
2021,Oct,South,Industrial,14.16
2021,Oct,South,Commercial,8.78
2021,Oct,South,Agriculture,44.08
2021,Oct,South,Government,25.04
2021,Oct,East,Residential,15.38
2021,Oct,East,Industrial,2.9
2021,Oct,East,Commercial,40.93
2021,Oct,East,Agriculture,39.23
2021,Oct,East,Government,1.57
2021,Oct,West,Residential,51.62
2021,Oct,West,Industrial,4.31
2021,Oct,West,Commercial,1.84
2021,Oct,West,Agriculture,15.62
2021,Oct,West,Government,26.61
2021,Nov,North,Residential,3.06
2021,Nov,North,Industrial,9.84
2021,Nov,North,Commercial,46.49
2021,Nov,North,Agriculture,17.48
2021,Nov,North,Government,23.13
2021,Nov,South,Residential,9.55
2021,Nov,South,Industrial,14.62
2021,Nov,South,Commercial,32.53
2021,Nov,South,Agriculture,6.55
2021,Nov,South,Government,36.76
2021,Nov,East,Residential,11.73
2021,Nov,East,Industrial,9.59
2021,Nov,East,Commercial,7.85
2021,Nov,East,Agriculture,13.8
2021,Nov,East,Government,57.03
2021,Nov,West,Residential,35.99
2021,Nov,West,Industrial,9.04
2021,Nov,West,Commercial,17.0
2021,Nov,West,Agriculture,28.24
2021,Nov,West,Government,9.73
2021,Dec,North,Residential,6.73
2021,Dec,North,Industrial,45.67
2021,Dec,North,Commercial,11.44
2021,Dec,North,Agriculture,32.07
2021,Dec,North,Government,4.08
2021,Dec,South,Residential,45.11
2021,Dec,South,Industrial,24.48
2021,Dec,South,Commercial,7.06
2021,Dec,South,Agriculture,2.73
2021,Dec,South,Government,20.62
2021,Dec,East,Residential,34.93
2021,Dec,East,Industrial,14.19
2021,Dec,East,Commercial,6.08
2021,Dec,East,Agriculture,9.86
2021,Dec,East,Government,34.94
2021,Dec,West,Residential,30.97
2021,Dec,West,Industrial,5.73
2021,Dec,West,Commercial,13.19
2021,Dec,West,Agriculture,42.18
2021,Dec,West,Government,7.94
2022,Jan,North,Residential,13.99
2022,Jan,North,Industrial,46.76
2022,Jan,North,Commercial,27.52
2022,Jan,North,Agriculture,8.69
2022,Jan,North,Government,3.04
2022,Jan,South,Residential,13.68
2022,Jan,South,Industrial,15.5
2022,Jan,South,Commercial,8.38
2022,Jan,South,Agriculture,39.95
2022,Jan,South,Government,22.49
2022,Jan,East,Residential,46.79
2022,Jan,East,Industrial,0.13
2022,Jan,East,Commercial,12.96
2022,Jan,East,Agriculture,25.37
2022,Jan,East,Government,14.75
2022,Jan,West,Residential,9.54
2022,Jan,West,Industrial,60.91
2022,Jan,West,Commercial,11.62
2022,Jan,West,Agriculture,3.71
2022,Jan,West,Government,14.23
2022,Feb,North,Residential,9.67
2022,Feb,North,Industrial,55.48
2022,Feb,North,Commercial,24.9
2022,Feb,North,Agriculture,7.69
2022,Feb,North,Government,2.26
2022,Feb,South,Residential,14.27
2022,Feb,South,Industrial,45.41
2022,Feb,South,Commercial,8.23
2022,Feb,South,Agriculture,22.94
2022,Feb,South,Government,9.16
2022,Feb,East,Residential,59.97
2022,Feb,East,Industrial,9.38
2022,Feb,East,Commercial,4.14
2022,Feb,East,Agriculture,13.41
2022,Feb,East,Government,13.1
2022,Feb,West,Residential,0.91
2022,Feb,West,Industrial,12.32
2022,Feb,West,Commercial,31.27
2022,Feb,West,Agriculture,1.14
2022,Feb,West,Government,54.35
2022,Mar,North,Residential,4.42
2022,Mar,North,Industrial,77.71
2022,Mar,North,Commercial,4.36
2022,Mar,North,Agriculture,4.27
2022,Mar,North,Government,9.23
2022,Mar,South,Residential,54.49
2022,Mar,South,Industrial,16.82
2022,Mar,South,Commercial,14.12
2022,Mar,South,Agriculture,7.45
2022,Mar,South,Government,7.13
2022,Mar,East,Residential,39.32
2022,Mar,East,Industrial,35.07
2022,Mar,East,Commercial,18.33
2022,Mar,East,Agriculture,4.56
2022,Mar,East,Government,2.72
2022,Mar,West,Residential,4.74
2022,Mar,West,Industrial,10.28
2022,Mar,West,Commercial,43.25
2022,Mar,West,Agriculture,24.04
2022,Mar,West,Government,17.7
2022,Apr,North,Residential,10.86
2022,Apr,North,Industrial,13.49
2022,Apr,North,Commercial,0.27
2022,Apr,North,Agriculture,54.58
2022,Apr,North,Government,20.81
2022,Apr,South,Residential,12.16
2022,Apr,South,Industrial,36.63
2022,Apr,South,Commercial,5.66
2022,Apr,South,Agriculture,32.67
2022,Apr,South,Government,12.88
2022,Apr,East,Residential,14.04
2022,Apr,East,Industrial,31.66
2022,Apr,East,Commercial,6.76
2022,Apr,East,Agriculture,11.16
2022,Apr,East,Government,36.38
2022,Apr,West,Residential,5.58
2022,Apr,West,Industrial,63.38
2022,Apr,West,Commercial,18.01
2022,Apr,West,Agriculture,3.47
2022,Apr,West,Government,9.56
2022,May,North,Residential,21.92
2022,May,North,Industrial,8.64
2022,May,North,Commercial,25.55
2022,May,North,Agriculture,31.76
2022,May,North,Government,12.13
2022,May,South,Residential,17.34
2022,May,South,Industrial,11.45
2022,May,South,Commercial,19.88
2022,May,South,Agriculture,1.01
2022,May,South,Government,50.33
2022,May,East,Residential,0.98
2022,May,East,Industrial,24.6
2022,May,East,Commercial,1.71
2022,May,East,Agriculture,43.81
2022,May,East,Government,28.89
2022,May,West,Residential,1.02
2022,May,West,Industrial,14.53
2022,May,West,Commercial,6.69
2022,May,West,Agriculture,17.76
2022,May,West,Government,60.01
2022,Jun,North,Residential,22.17
2022,Jun,North,Industrial,10.91
2022,Jun,North,Commercial,21.75
2022,Jun,North,Agriculture,6.53
2022,Jun,North,Government,38.64
2022,Jun,South,Residential,41.38
2022,Jun,South,Industrial,24.2
2022,Jun,South,Commercial,12.08
2022,Jun,South,Agriculture,0.06
2022,Jun,South,Government,22.28
2022,Jun,East,Residential,11.33
2022,Jun,East,Industrial,15.68
2022,Jun,East,Commercial,2.36
2022,Jun,East,Agriculture,36.07
2022,Jun,East,Government,34.57
2022,Jun,West,Residential,14.98
2022,Jun,West,Industrial,34.18
2022,Jun,West,Commercial,16.18
2022,Jun,West,Agriculture,3.04
2022,Jun,West,Government,31.63
2022,Jul,North,Residential,20.91
2022,Jul,North,Industrial,20.73
2022,Jul,North,Commercial,7.39
2022,Jul,North,Agriculture,50.95
2022,Jul,North,Government,0.02
2022,Jul,South,Residential,10.93
2022,Jul,South,Industrial,36.88
2022,Jul,South,Commercial,21.97
2022,Jul,South,Agriculture,16.83
2022,Jul,South,Government,13.39
2022,Jul,East,Residential,28.81
2022,Jul,East,Industrial,12.08
2022,Jul,East,Commercial,45.16
2022,Jul,East,Agriculture,8.28
2022,Jul,East,Government,5.67
2022,Jul,West,Residential,0.41
2022,Jul,West,Industrial,1.44
2022,Jul,West,Commercial,25.66
2022,Jul,West,Agriculture,53.64
2022,Jul,West,Government,18.85
2022,Aug,North,Residential,2.93
2022,Aug,North,Industrial,27.83
2022,Aug,North,Commercial,13.01
2022,Aug,North,Agriculture,50.34
2022,Aug,North,Government,5.89
2022,Aug,South,Residential,3.78
2022,Aug,South,Industrial,50.11
2022,Aug,South,Commercial,9.66
2022,Aug,South,Agriculture,10.28
2022,Aug,South,Government,26.17
2022,Aug,East,Residential,38.36
2022,Aug,East,Industrial,12.97
2022,Aug,East,Commercial,6.78
2022,Aug,East,Agriculture,24.65
2022,Aug,East,Government,17.24
2022,Aug,West,Residential,25.06
2022,Aug,West,Industrial,34.49
2022,Aug,West,Commercial,0.66
2022,Aug,West,Agriculture,5.04
2022,Aug,West,Government,34.76
2022,Sep,North,Residential,39.96
2022,Sep,North,Industrial,0.9
2022,Sep,North,Commercial,14.3
2022,Sep,North,Agriculture,33.66
2022,Sep,North,Government,11.19
2022,Sep,South,Residential,1.2
2022,Sep,South,Industrial,49.79
2022,Sep,South,Commercial,16.61
2022,Sep,South,Agriculture,2.62
2022,Sep,South,Government,29.78
2022,Sep,East,Residential,14.74
2022,Sep,East,Industrial,59.46
2022,Sep,East,Commercial,2.72
2022,Sep,East,Agriculture,22.25
2022,Sep,East,Government,0.82
2022,Sep,West,Residential,1.8
2022,Sep,West,Industrial,0.78
2022,Sep,West,Commercial,31.91
2022,Sep,West,Agriculture,62.47
2022,Sep,West,Government,3.04
2022,Oct,North,Residential,18.6
2022,Oct,North,Industrial,8.09
2022,Oct,North,Commercial,23.53
2022,Oct,North,Agriculture,26.91
2022,Oct,North,Government,22.87
2022,Oct,South,Residential,27.32
2022,Oct,South,Industrial,6.75
2022,Oct,South,Commercial,14.24
2022,Oct,South,Agriculture,17.5
2022,Oct,South,Government,34.19
2022,Oct,East,Residential,6.49
2022,Oct,East,Industrial,8.85
2022,Oct,East,Commercial,8.79
2022,Oct,East,Agriculture,55.38
2022,Oct,East,Government,20.48
2022,Oct,West,Residential,64.74
2022,Oct,West,Industrial,1.81
2022,Oct,West,Commercial,14.71
2022,Oct,West,Agriculture,1.7
2022,Oct,West,Government,17.04
2022,Nov,North,Residential,21.35
2022,Nov,North,Industrial,23.18
2022,Nov,North,Commercial,14.58
2022,Nov,North,Agriculture,2.99
2022,Nov,North,Government,37.9
2022,Nov,South,Residential,3.28
2022,Nov,South,Industrial,19.17
2022,Nov,South,Commercial,21.68
2022,Nov,South,Agriculture,18.64
2022,Nov,South,Government,37.23
2022,Nov,East,Residential,10.78
2022,Nov,East,Industrial,53.03
2022,Nov,East,Commercial,6.89
2022,Nov,East,Agriculture,4.8
2022,Nov,East,Government,24.51
2022,Nov,West,Residential,4.82
2022,Nov,West,Industrial,7.34
2022,Nov,West,Commercial,25.54
2022,Nov,West,Agriculture,45.23
2022,Nov,West,Government,17.07
2022,Dec,North,Residential,31.41
2022,Dec,North,Industrial,39.32
2022,Dec,North,Commercial,10.64
2022,Dec,North,Agriculture,10.79
2022,Dec,North,Government,7.85
2022,Dec,South,Residential,48.03
2022,Dec,South,Industrial,1.79
2022,Dec,South,Commercial,22.99
2022,Dec,South,Agriculture,13.65
2022,Dec,South,Government,13.53
2022,Dec,East,Residential,31.91
2022,Dec,East,Industrial,17.29
2022,Dec,East,Commercial,48.57
2022,Dec,East,Agriculture,1.34
2022,Dec,East,Government,0.88
2022,Dec,West,Residential,1.14
2022,Dec,West,Industrial,69.36
2022,Dec,West,Commercial,0.47
2022,Dec,West,Agriculture,1.05
2022,Dec,West,Government,27.99
2023,Jan,North,Residential,1.6
2023,Jan,North,Industrial,26.89
2023,Jan,North,Commercial,20.06
2023,Jan,North,Agriculture,35.24
2023,Jan,North,Government,16.21
2023,Jan,South,Residential,3.28
2023,Jan,South,Industrial,8.28
2023,Jan,South,Commercial,80.43
2023,Jan,South,Agriculture,3.3
2023,Jan,South,Government,4.71
2023,Jan,East,Residential,14.15
2023,Jan,East,Industrial,13.81
2023,Jan,East,Commercial,50.72
2023,Jan,East,Agriculture,8.05
2023,Jan,East,Government,13.27
2023,Jan,West,Residential,17.13
2023,Jan,West,Industrial,58.86
2023,Jan,West,Commercial,14.26
2023,Jan,West,Agriculture,1.89
2023,Jan,West,Government,7.87
2023,Feb,North,Residential,8.24
2023,Feb,North,Industrial,64.44
2023,Feb,North,Commercial,8.95
2023,Feb,North,Agriculture,18.2
2023,Feb,North,Government,0.17
2023,Feb,South,Residential,11.47
2023,Feb,South,Industrial,18.2
2023,Feb,South,Commercial,11.21
2023,Feb,South,Agriculture,14.23
2023,Feb,South,Government,44.89
2023,Feb,East,Residential,38.43
2023,Feb,East,Industrial,7.35
2023,Feb,East,Commercial,22.59
2023,Feb,East,Agriculture,13.32
2023,Feb,East,Government,18.31
2023,Feb,West,Residential,45.26
2023,Feb,West,Industrial,34.12
2023,Feb,West,Commercial,6.35
2023,Feb,West,Agriculture,2.87
2023,Feb,West,Government,11.39
2023,Mar,North,Residential,15.87
2023,Mar,North,Industrial,4.16
2023,Mar,North,Commercial,39.42
2023,Mar,North,Agriculture,17.61
2023,Mar,North,Government,22.94
2023,Mar,South,Residential,1.16
2023,Mar,South,Industrial,16.76
2023,Mar,South,Commercial,30.5
2023,Mar,South,Agriculture,39.72
2023,Mar,South,Government,11.87
2023,Mar,East,Residential,22.55
2023,Mar,East,Industrial,65.52
2023,Mar,East,Commercial,2.89
2023,Mar,East,Agriculture,0.99
2023,Mar,East,Government,8.05
2023,Mar,West,Residential,40.07
2023,Mar,West,Industrial,5.4
2023,Mar,West,Commercial,27.23
2023,Mar,West,Agriculture,10.18
2023,Mar,West,Government,17.12
2023,Apr,North,Residential,1.01
2023,Apr,North,Industrial,8.91
2023,Apr,North,Commercial,28.37
2023,Apr,North,Agriculture,31.19
2023,Apr,North,Government,30.52
2023,Apr,South,Residential,4.76
2023,Apr,South,Industrial,22.7
2023,Apr,South,Commercial,37.29
2023,Apr,South,Agriculture,25.51
2023,Apr,South,Government,9.74
2023,Apr,East,Residential,24.48
2023,Apr,East,Industrial,40.42
2023,Apr,East,Commercial,7.22
2023,Apr,East,Agriculture,23.96
2023,Apr,East,Government,3.92
2023,Apr,West,Residential,9.84
2023,Apr,West,Industrial,14.63
2023,Apr,West,Commercial,17.16
2023,Apr,West,Agriculture,55.15
2023,Apr,West,Government,3.22
2023,May,North,Residential,14.32
2023,May,North,Industrial,30.34
2023,May,North,Commercial,23.61
2023,May,North,Agriculture,17.97
2023,May,North,Government,13.76
2023,May,South,Residential,46.67
2023,May,South,Industrial,9.03
2023,May,South,Commercial,28.04
2023,May,South,Agriculture,12.8
2023,May,South,Government,3.47
2023,May,East,Residential,0.04
2023,May,East,Industrial,51.16
2023,May,East,Commercial,1.43
2023,May,East,Agriculture,38.37
2023,May,East,Government,8.99
2023,May,West,Residential,31.64
2023,May,West,Industrial,28.68
2023,May,West,Commercial,11.85
2023,May,West,Agriculture,22.35
2023,May,West,Government,5.48
2023,Jun,North,Residential,57.47
2023,Jun,North,Industrial,2.43
2023,Jun,North,Commercial,11.29
2023,Jun,North,Agriculture,8.47
2023,Jun,North,Government,20.34
2023,Jun,South,Residential,15.52
2023,Jun,South,Industrial,6.94
2023,Jun,South,Commercial,51.74
2023,Jun,South,Agriculture,24.03
2023,Jun,South,Government,1.77
2023,Jun,East,Residential,18.3
2023,Jun,East,Industrial,27.77
2023,Jun,East,Commercial,0.29
2023,Jun,East,Agriculture,24.94
2023,Jun,East,Government,28.7
2023,Jun,West,Residential,37.88
2023,Jun,West,Industrial,13.43
2023,Jun,West,Commercial,1.65
2023,Jun,West,Agriculture,4.46
2023,Jun,West,Government,42.58
2023,Jul,North,Residential,46.96
2023,Jul,North,Industrial,5.17
2023,Jul,North,Commercial,12.98
2023,Jul,North,Agriculture,8.14
2023,Jul,North,Government,26.75
2023,Jul,South,Residential,13.51
2023,Jul,South,Industrial,16.15
2023,Jul,South,Commercial,1.19
2023,Jul,South,Agriculture,27.47
2023,Jul,South,Government,41.68
2023,Jul,East,Residential,7.08
2023,Jul,East,Industrial,21.87
2023,Jul,East,Commercial,14.17
2023,Jul,East,Agriculture,39.14
2023,Jul,East,Government,17.74
2023,Jul,West,Residential,1.74
2023,Jul,West,Industrial,62.45
2023,Jul,West,Commercial,10.04
2023,Jul,West,Agriculture,1.21
2023,Jul,West,Government,24.56
2023,Aug,North,Residential,5.69
2023,Aug,North,Industrial,24.63
2023,Aug,North,Commercial,36.59
2023,Aug,North,Agriculture,9.02
2023,Aug,North,Government,24.07
2023,Aug,South,Residential,5.21
2023,Aug,South,Industrial,24.74
2023,Aug,South,Commercial,27.52
2023,Aug,South,Agriculture,21.45
2023,Aug,South,Government,21.08
2023,Aug,East,Residential,17.97
2023,Aug,East,Industrial,10.26
2023,Aug,East,Commercial,0.66
2023,Aug,East,Agriculture,49.5
2023,Aug,East,Government,21.61
2023,Aug,West,Residential,5.72
2023,Aug,West,Industrial,9.55
2023,Aug,West,Commercial,38.83
2023,Aug,West,Agriculture,41.79
2023,Aug,West,Government,4.11
2023,Sep,North,Residential,6.62
2023,Sep,North,Industrial,38.19
2023,Sep,North,Commercial,17.83
2023,Sep,North,Agriculture,14.78
2023,Sep,North,Government,22.59
2023,Sep,South,Residential,5.35
2023,Sep,South,Industrial,39.55
2023,Sep,South,Commercial,27.66
2023,Sep,South,Agriculture,1.63
2023,Sep,South,Government,25.81
2023,Sep,East,Residential,4.08
2023,Sep,East,Industrial,49.73
2023,Sep,East,Commercial,30.47
2023,Sep,East,Agriculture,14.48
2023,Sep,East,Government,1.23
2023,Sep,West,Residential,2.0
2023,Sep,West,Industrial,16.91
2023,Sep,West,Commercial,28.37
2023,Sep,West,Agriculture,44.96
2023,Sep,West,Government,7.76
2023,Oct,North,Residential,17.68
2023,Oct,North,Industrial,60.65
2023,Oct,North,Commercial,8.68
2023,Oct,North,Agriculture,9.49
2023,Oct,North,Government,3.5
2023,Oct,South,Residential,75.24
2023,Oct,South,Industrial,6.24
2023,Oct,South,Commercial,1.77
2023,Oct,South,Agriculture,5.23
2023,Oct,South,Government,11.51
2023,Oct,East,Residential,1.44
2023,Oct,East,Industrial,41.07
2023,Oct,East,Commercial,13.82
2023,Oct,East,Agriculture,16.58
2023,Oct,East,Government,27.09
2023,Oct,West,Residential,14.69
2023,Oct,West,Industrial,27.94
2023,Oct,West,Commercial,7.78
2023,Oct,West,Agriculture,16.29
2023,Oct,West,Government,33.31
2023,Nov,North,Residential,7.23
2023,Nov,North,Industrial,35.39
2023,Nov,North,Commercial,32.93
2023,Nov,North,Agriculture,1.97
2023,Nov,North,Government,22.49
2023,Nov,South,Residential,6.91
2023,Nov,South,Industrial,44.28
2023,Nov,South,Commercial,6.15
2023,Nov,South,Agriculture,10.86
2023,Nov,South,Government,31.8
2023,Nov,East,Residential,20.34
2023,Nov,East,Industrial,7.43
2023,Nov,East,Commercial,7.75
2023,Nov,East,Agriculture,49.21
2023,Nov,East,Government,15.27
2023,Nov,West,Residential,1.84
2023,Nov,West,Industrial,37.08
2023,Nov,West,Commercial,57.12
2023,Nov,West,Agriculture,2.88
2023,Nov,West,Government,1.09
2023,Dec,North,Residential,25.64
2023,Dec,North,Industrial,11.59
2023,Dec,North,Commercial,24.31
2023,Dec,North,Agriculture,17.75
2023,Dec,North,Government,20.71
2023,Dec,South,Residential,27.95
2023,Dec,South,Industrial,45.42
2023,Dec,South,Commercial,10.66
2023,Dec,South,Agriculture,12.45
2023,Dec,South,Government,3.52
2023,Dec,East,Residential,16.64
2023,Dec,East,Industrial,25.27
2023,Dec,East,Commercial,2.53
2023,Dec,East,Agriculture,52.07
2023,Dec,East,Government,3.49
2023,Dec,West,Residential,15.66
2023,Dec,West,Industrial,3.01
2023,Dec,West,Commercial,61.6
2023,Dec,West,Agriculture,0.85
2023,Dec,West,Government,18.88
2024,Jan,North,Residential,54.42
2024,Jan,North,Industrial,13.94
2024,Jan,North,Commercial,19.11
2024,Jan,North,Agriculture,8.28
2024,Jan,North,Government,4.25
2024,Jan,South,Residential,25.2
2024,Jan,South,Industrial,31.06
2024,Jan,South,Commercial,15.15
2024,Jan,South,Agriculture,10.1
2024,Jan,South,Government,18.48
2024,Jan,East,Residential,38.16
2024,Jan,East,Industrial,11.66
2024,Jan,East,Commercial,15.42
2024,Jan,East,Agriculture,6.99
2024,Jan,East,Government,27.77
2024,Jan,West,Residential,17.02
2024,Jan,West,Industrial,18.18
2024,Jan,West,Commercial,14.21
2024,Jan,West,Agriculture,0.37
2024,Jan,West,Government,50.22
2024,Feb,North,Residential,33.4
2024,Feb,North,Industrial,12.27
2024,Feb,North,Commercial,7.27
2024,Feb,North,Agriculture,16.34
2024,Feb,North,Government,30.72
2024,Feb,South,Residential,5.52
2024,Feb,South,Industrial,26.15
2024,Feb,South,Commercial,15.49
2024,Feb,South,Agriculture,43.28
2024,Feb,South,Government,9.56
2024,Feb,East,Residential,22.96
2024,Feb,East,Industrial,18.86
2024,Feb,East,Commercial,11.33
2024,Feb,East,Agriculture,38.61
2024,Feb,East,Government,8.24
2024,Feb,West,Residential,6.76
2024,Feb,West,Industrial,56.78
2024,Feb,West,Commercial,8.75
2024,Feb,West,Agriculture,21.72
2024,Feb,West,Government,5.98
2024,Mar,North,Residential,46.57
2024,Mar,North,Industrial,12.54
2024,Mar,North,Commercial,1.08
2024,Mar,North,Agriculture,11.84
2024,Mar,North,Government,27.98
2024,Mar,South,Residential,22.93
2024,Mar,South,Industrial,12.39
2024,Mar,South,Commercial,21.8
2024,Mar,South,Agriculture,8.63
2024,Mar,South,Government,34.24
2024,Mar,East,Residential,7.82
2024,Mar,East,Industrial,13.34
2024,Mar,East,Commercial,11.32
2024,Mar,East,Agriculture,27.93
2024,Mar,East,Government,39.6
2024,Mar,West,Residential,10.57
2024,Mar,West,Industrial,11.53
2024,Mar,West,Commercial,37.59
2024,Mar,West,Agriculture,13.29
2024,Mar,West,Government,27.02
2024,Apr,North,Residential,5.77
2024,Apr,North,Industrial,7.47
2024,Apr,North,Commercial,49.77
2024,Apr,North,Agriculture,31.81
2024,Apr,North,Government,5.18
2024,Apr,South,Residential,12.62
2024,Apr,South,Industrial,19.72
2024,Apr,South,Commercial,26.75
2024,Apr,South,Agriculture,3.3
2024,Apr,South,Government,37.61
2024,Apr,East,Residential,4.05
2024,Apr,East,Industrial,22.15
2024,Apr,East,Commercial,17.96
2024,Apr,East,Agriculture,28.45
2024,Apr,East,Government,27.39
2024,Apr,West,Residential,27.57
2024,Apr,West,Industrial,17.49
2024,Apr,West,Commercial,6.71
2024,Apr,West,Agriculture,10.27
2024,Apr,West,Government,37.96
2024,May,North,Residential,1.06
2024,May,North,Industrial,3.12
2024,May,North,Commercial,13.52
2024,May,North,Agriculture,39.28
2024,May,North,Government,43.02
2024,May,South,Residential,35.65
2024,May,South,Industrial,60.87
2024,May,South,Commercial,0.6
2024,May,South,Agriculture,2.08
2024,May,South,Government,0.8
2024,May,East,Residential,7.84
2024,May,East,Industrial,13.78
2024,May,East,Commercial,14.37
2024,May,East,Agriculture,29.61
2024,May,East,Government,34.41
2024,May,West,Residential,79.27
2024,May,West,Industrial,8.3
2024,May,West,Commercial,2.77
2024,May,West,Agriculture,3.23
2024,May,West,Government,6.43
2024,Jun,North,Residential,0.33
2024,Jun,North,Industrial,1.84
2024,Jun,North,Commercial,23.29
2024,Jun,North,Agriculture,57.28
2024,Jun,North,Government,17.26
2024,Jun,South,Residential,43.37
2024,Jun,South,Industrial,18.68
2024,Jun,South,Commercial,24.91
2024,Jun,South,Agriculture,5.25
2024,Jun,South,Government,7.78
2024,Jun,East,Residential,31.89
2024,Jun,East,Industrial,34.2
2024,Jun,East,Commercial,7.08
2024,Jun,East,Agriculture,12.23
2024,Jun,East,Government,14.6
2024,Jun,West,Residential,20.85
2024,Jun,West,Industrial,26.14
2024,Jun,West,Commercial,4.25
2024,Jun,West,Agriculture,14.95
2024,Jun,West,Government,33.81
2024,Jul,North,Residential,39.45
2024,Jul,North,Industrial,0.02
2024,Jul,North,Commercial,0.81
2024,Jul,North,Agriculture,23.25
2024,Jul,North,Government,36.47
2024,Jul,South,Residential,5.42
2024,Jul,South,Industrial,4.58
2024,Jul,South,Commercial,10.63
2024,Jul,South,Agriculture,16.49
2024,Jul,South,Government,62.88
2024,Jul,East,Residential,2.02
2024,Jul,East,Industrial,2.12
2024,Jul,East,Commercial,47.41
2024,Jul,East,Agriculture,15.35
2024,Jul,East,Government,33.11
2024,Jul,West,Residential,13.13
2024,Jul,West,Industrial,60.96
2024,Jul,West,Commercial,5.38
2024,Jul,West,Agriculture,19.21
2024,Jul,West,Government,1.32
2024,Aug,North,Residential,4.12
2024,Aug,North,Industrial,6.78
2024,Aug,North,Commercial,69.41
2024,Aug,North,Agriculture,11.37
2024,Aug,North,Government,8.32
2024,Aug,South,Residential,23.6
2024,Aug,South,Industrial,57.54
2024,Aug,South,Commercial,12.48
2024,Aug,South,Agriculture,0.85
2024,Aug,South,Government,5.53
2024,Aug,East,Residential,19.7
2024,Aug,East,Industrial,11.1
2024,Aug,East,Commercial,17.99
2024,Aug,East,Agriculture,22.68
2024,Aug,East,Government,28.53
2024,Aug,West,Residential,40.99
2024,Aug,West,Industrial,4.63
2024,Aug,West,Commercial,18.05
2024,Aug,West,Agriculture,27.78
2024,Aug,West,Government,8.54
2024,Sep,North,Residential,35.86
2024,Sep,North,Industrial,21.03
2024,Sep,North,Commercial,9.4
2024,Sep,North,Agriculture,0.94
2024,Sep,North,Government,32.78
2024,Sep,South,Residential,13.89
2024,Sep,South,Industrial,17.59
2024,Sep,South,Commercial,44.41
2024,Sep,South,Agriculture,1.93
2024,Sep,South,Government,22.19
2024,Sep,East,Residential,11.68
2024,Sep,East,Industrial,9.23
2024,Sep,East,Commercial,67.8
2024,Sep,East,Agriculture,1.94
2024,Sep,East,Government,9.35
2024,Sep,West,Residential,61.0
2024,Sep,West,Industrial,15.36
2024,Sep,West,Commercial,1.22
2024,Sep,West,Agriculture,5.05
2024,Sep,West,Government,17.38
2024,Oct,North,Residential,9.37
2024,Oct,North,Industrial,44.26
2024,Oct,North,Commercial,12.84
2024,Oct,North,Agriculture,2.17
2024,Oct,North,Government,31.35
2024,Oct,South,Residential,0.52
2024,Oct,South,Industrial,23.87
2024,Oct,South,Commercial,26.58
2024,Oct,South,Agriculture,32.82
2024,Oct,South,Government,16.21
2024,Oct,East,Residential,4.63
2024,Oct,East,Industrial,23.59
2024,Oct,East,Commercial,20.9
2024,Oct,East,Agriculture,36.75
2024,Oct,East,Government,14.13
2024,Oct,West,Residential,45.78
2024,Oct,West,Industrial,20.62
2024,Oct,West,Commercial,9.37
2024,Oct,West,Agriculture,23.96
2024,Oct,West,Government,0.27
2024,Nov,North,Residential,40.53
2024,Nov,North,Industrial,2.73
2024,Nov,North,Commercial,43.07
2024,Nov,North,Agriculture,11.24
2024,Nov,North,Government,2.43
2024,Nov,South,Residential,3.36
2024,Nov,South,Industrial,26.21
2024,Nov,South,Commercial,7.27
2024,Nov,South,Agriculture,61.31
2024,Nov,South,Government,1.85
2024,Nov,East,Residential,12.97
2024,Nov,East,Industrial,14.99
2024,Nov,East,Commercial,35.29
2024,Nov,East,Agriculture,18.3
2024,Nov,East,Government,18.45
2024,Nov,West,Residential,30.4
2024,Nov,West,Industrial,13.03
2024,Nov,West,Commercial,18.55
2024,Nov,West,Agriculture,25.23
2024,Nov,West,Government,12.79
2024,Dec,North,Residential,12.81
2024,Dec,North,Industrial,2.99
2024,Dec,North,Commercial,15.69
2024,Dec,North,Agriculture,18.16
2024,Dec,North,Government,50.35
2024,Dec,South,Residential,2.91
2024,Dec,South,Industrial,38.58
2024,Dec,South,Commercial,1.99
2024,Dec,South,Agriculture,16.45
2024,Dec,South,Government,40.07
2024,Dec,East,Residential,8.18
2024,Dec,East,Industrial,5.53
2024,Dec,East,Commercial,4.25
2024,Dec,East,Agriculture,64.85
2024,Dec,East,Government,17.2
2024,Dec,West,Residential,21.3
2024,Dec,West,Industrial,38.22
2024,Dec,West,Commercial,6.84
2024,Dec,West,Agriculture,26.27
2024,Dec,West,Government,7.36
